-- ============================================
-- 初始化数据 — 测试用户、商品、演示订单及流水
-- 运行方式: mysql -u root -p < init_data.sql
-- 前提: 已执行 schemas.sql 建表
-- ============================================

USE warehouse;

-- ============================================
-- 1. 测试用户（密码由 init_db.py 动态生成，详见 init_db.py）
--    此文件中密码哈希固定为 "123456" 的哈希值，仅作参考；
--    实际部署请运行 python init_db.py 初始化
-- ============================================
INSERT INTO user (id, username, password_hash, role) VALUES
(1, 'admin',    '$2b$12$LJ3m4ys3Lk0TSwHCY7LBBe.qFXMEdWXQpPJPcTqVg4qL5xDmPJW2m', 'admin'),
(2, 'zhangsan', '$2b$12$LJ3m4ys3Lk0TSwHCY7LBBe.qFXMEdWXQpPJPcTqVg4qL5xDmPJW2m', 'staff'),
(3, 'lisi',     '$2b$12$LJ3m4ys3Lk0TSwHCY7LBBe.qFXMEdWXQpPJPcTqVg4qL5xDmPJW2m', 'staff');

-- ============================================
-- 2. 测试商品（15个，覆盖多个分类）
-- ============================================
INSERT INTO product (id, code, name, category, unit, warn_stock) VALUES
(1,  'P001', '农夫山泉 550ml',       '饮料',     '瓶', 20),
(2,  'P002', '康师傅红烧牛肉面',      '方便食品',  '桶', 10),
(3,  'P003', '螺丝钉 M6×30',         '紧固件',   '个', 100),
(4,  'P004', '钢板 2mm×1m×2m',      '原材料',   '块', 20),
(5,  'P005', '电机 X200 步进',       '电器',     '台', 5),
(6,  'P006', '轴承 6205-2RS',        '传动件',   '套', 30),
(7,  'P007', '密封圈 D50 硅胶',      '密封件',   '个', 200),
(8,  'P008', '齿轮 M2.5 20齿',       '传动件',   '个', 50),
(9,  'P009', '弹簧 10×50 压缩',      '弹性件',   '根', 100),
(10, 'P010', '螺栓 M8×30 8.8级',     '紧固件',   '套', 300),
(11, 'P011', '垫片 M6 不锈钢',        '紧固件',   '个', 500),
(12, 'P012', '联轴器 C25 弹性',       '传动件',   '套', 15),
(13, 'P013', '奥利奥饼干 97g',        '食品',     '盒', 50),
(14, 'P014', '打印纸 A4 70g',         '办公用品',  '包', 30),
(15, 'P015', '纯净水 18.9L 桶装',     '饮料',     '桶', 8);

-- ============================================
-- 3. 初始库存（模拟已有一定存量）
-- ============================================
INSERT INTO stock (product_id, quantity) VALUES
(1,  120), (2,  35),  (3,  500), (4,  80),
(5,  25),  (6,  120), (7,  600), (8,  200),
(9,  300), (10, 1000),(11,  0),  (12, 60),
(13, 150), (14, 45),  (15, 15);

-- ============================================
-- 4. 演示入库单（已确认 + 流水）
-- ============================================
INSERT INTO inbound_order (id, order_no, supplier, operator_id, status, create_time, confirm_time) VALUES
(1, 'IN20260601001', '华东五金批发市场',   1, 'confirmed', '2026-06-01 09:15:00', '2026-06-01 09:16:00'),
(2, 'IN20260602001', '鑫达传动有限公司',   1, 'confirmed', '2026-06-02 14:30:00', '2026-06-02 14:31:00'),
(3, 'IN20260603001', '联众商贸配送中心',   2, 'confirmed', '2026-06-03 10:00:00', '2026-06-03 10:01:00'),
(4, 'IN20260604001', '华东五金批发市场',   1, 'pending',   '2026-06-04 08:45:00', NULL);

INSERT INTO inbound_detail (order_id, product_id, quantity) VALUES
(1, 3, 200), (1, 10, 500), (1, 11, 300),
(2, 6, 50),  (2, 8, 80),  (2, 12, 30),
(3, 1, 200), (3, 13, 100),
(4, 7, 150), (4, 14, 60);

-- 入库流水（对应上述入库单）
INSERT INTO stock_record (product_id, change_type, change_qty, before_qty, after_qty, biz_no, operator_id, create_time, remark) VALUES
(3,  'inbound', 200, 300, 500, 'IN20260601001', 1, '2026-06-01 09:16:00', '华东五金—螺丝钉补货'),
(10, 'inbound', 500, 500, 1000,'IN20260601001', 1, '2026-06-01 09:16:00', '华东五金—螺栓补货'),
(11, 'inbound', 300, 0,   300, 'IN20260601001', 1, '2026-06-01 09:16:00', '华东五金—垫片补货'),
(6,  'inbound', 50,  70,  120, 'IN20260602001', 1, '2026-06-02 14:31:00', ''),
(8,  'inbound', 80,  120, 200, 'IN20260602001', 1, '2026-06-02 14:31:00', ''),
(12, 'inbound', 30,  30,  60,  'IN20260602001', 1, '2026-06-02 14:31:00', ''),
(1,  'inbound', 200, 120, 320, 'IN20260603001', 2, '2026-06-03 10:01:00', ''),
(13, 'inbound', 100, 50,  150, 'IN20260603001', 2, '2026-06-03 10:01:00', '');

-- ============================================
-- 5. 显示出库单（已确认 + 流水）
-- ============================================
INSERT INTO outbound_order (id, order_no, customer, operator_id, status, create_time, confirm_time) VALUES
(1, 'OUT20260601001', '张三便利店（解放路店）', 1, 'confirmed', '2026-06-01 10:00:00', '2026-06-01 10:02:00'),
(2, 'OUT20260602001', '李记五金工具商行',       2, 'confirmed', '2026-06-02 16:00:00', '2026-06-02 16:01:00'),
(3, 'OUT20260603001', '远航机械加工厂',         1, 'confirmed', '2026-06-03 11:30:00', '2026-06-03 11:31:00'),
(4, 'OUT20260604001', '王师傅维修铺',           3, 'pending',   '2026-06-04 09:00:00', NULL);

INSERT INTO outbound_detail (order_id, product_id, quantity) VALUES
(1, 1, 30),  (1, 2, 10), (1, 13, 20),
(2, 3, 150), (2, 10, 200), (2, 6, 30),
(3, 4, 15),  (3, 5, 3),  (3, 12, 10),
(4, 8, 50),  (4, 14, 20);

-- 出库流水
INSERT INTO stock_record (product_id, change_type, change_qty, before_qty, after_qty, biz_no, operator_id, create_time, remark) VALUES
(1,  'outbound', 30,  320, 290, 'OUT20260601001', 1, '2026-06-01 10:02:00', '张三便利店—配送'),
(2,  'outbound', 10,  45,  35,  'OUT20260601001', 1, '2026-06-01 10:02:00', ''),
(13, 'outbound', 20,  150, 130, 'OUT20260601001', 1, '2026-06-01 10:02:00', ''),
(3,  'outbound', 150, 500, 350, 'OUT20260602001', 2, '2026-06-02 16:01:00', '李记五金—螺丝急单'),
(10, 'outbound', 200, 1000,800, 'OUT20260602001', 2, '2026-06-02 16:01:00', ''),
(6,  'outbound', 30,  120, 90,  'OUT20260602001', 2, '2026-06-02 16:01:00', ''),
(4,  'outbound', 15,  80,  65,  'OUT20260603001', 1, '2026-06-03 11:31:00', '远航机械—钢板加工'),
(5,  'outbound', 3,   25,  22,  'OUT20260603001', 1, '2026-06-03 11:31:00', ''),
(12, 'outbound', 10,  60,  50,  'OUT20260603001', 1, '2026-06-03 11:31:00', '');
